TimeLags,RMSE,MAE,MAPE,RMSE_BP,MAE_BP,MAPE_BP,RMSE_SVR,MAE_SVR,MAPE_SVR
10,0.001345349,0.000924652,0.095790118,0.001998931,0.001745023,0.180172457,0.007232619,0.006514991,0.676489086
