Timescale,RMSE,MAE,MAPE,T-RMSE,T-MAE,T-MAPE
7,0.06086452634819915,0.05785527352508234,7.731240675764956,0.027591310737828622,0.024571752287417054,3.2807871339637416
