Timescale,RMSE,MAE,MAPE,T-RMSE,T-MAE,T-MAPE
7,0.14836408669791212,0.11893195149947183,1.7831543393608793,0.05631759118688931,0.04232831239505686,0.638778509014856
