Timescale,RMSE,MAE,MAPE,T-RMSE,T-MAE,T-MAPE
7,0.15173920796793453,0.12087947481116465,1.8125083295755882,0.13252280345771844,0.10143340995944275,1.5242220978673333
