Timescale,RMSE,MAE,MAPE,T-RMSE,T-MAE,T-MAPE
7,0.05913866563876707,0.05635217028345381,7.530017009684366,0.02188248565818688,0.01843866603325825,2.467242407553954
