TimeLags,RMSE,MAE,MAPE,RMSE_BP,MAE_BP,MAPE_BP,RMSE_SVR,MAE_SVR,MAPE_SVR
10,0.000807851,0.000548044,0.073125339,0.000803762,0.000644958,0.085956497,0.009124237,0.007089773,0.9256677
