TimeLags,RMSE,MAE,MAPE,RMSE_BP,MAE_BP,MAPE_BP,RMSE_SVR,MAE_SVR,MAPE_SVR
10,0.001106775,0.000810873,0.07136702,0.001074658,0.000886271,0.077901356,0.012263804,0.011237952,0.986284959
